{
  "val_auc": 0.8641656335773983,
  "val_brier": 0.1469195135754054,
  "test_auc": 0.8555582986810724,
  "test_brier": 0.15120680355599783,
  "conformal_coverage": 0.8936,
  "avg_interval_width": 0.6848655587683795
}